{
  "avg_score": 2.453125,
  "category_scores": {
    "general": 2.453125
  },
  "turn_scores": {
    "1": 2.3375,
    "2": 2.56875
  }
}